Reference;Review title;CHARACTERISTICS;Year published;Number of authors;Department of first author;Country(ies) of authors;Type of comparison e.g. surgery vs surgery, surgery vs medical management;Number of studies included;Were there any funding sources, and if so, what?;What type of journal is the review published in? (e.g. general medical = GM, surgical = S, paediatric = P, paediatric surgical = PS, paediatric medical subspecialty = PM, surgical subspecialty other than PS = SSetc.);Which journal?;Is it a Cochrane review?;What is the 2015 impact factor of the journal?;Is the review published in a PRISMA endorsing journal?;Is the review registered? (e.g. PROSPERO started 01/04/11);SR or SR with MA?;AMSTAR;1. Was an 'a priori' design provided? The research question and inclusion criteria should be established before the conduct of the review. Note: Need to refer to a protocol, ethics approval, or pre-determined/a priori published research objectives to score a �yes.�;2. Was there duplicate study selection and data extraction? There should be at least two independent data extractors and a consensus procedure for disagreements should be in place. Note: 2 people do study selection, 2 people do data extraction, consensus process or one person checks the other�s work.;"3. Was a comprehensive literature search performed? At least two electronic sources should be searched. The report must include years and databases used (e.g., Central, EMBASE, and MEDLINE). Key words and/or MESH terms must be stated and where feasible the search strategy should be provided. All searches should be supplemented by consulting current contents, reviews, textbooks, specialized registers, or experts in the particular field of study, and by reviewing the references in the studies found. Note: If at least 2 sources + one supplementary strategy used, select �yes� (Cochrane register/Central counts as 2 sources; a grey literature search counts as supplementary).";4. Was the status of publication (i.e. grey literature) used as an inclusion criterion? The authors should state that they searched for reports regardless of their publication type. The authors should state whether or not they excluded any reports (from the systematic review), based on their publication status, language etc. Note: If review indicates that there was a search for �grey literature� or �unpublished literature,� indicate �yes.� SIGLE database, dissertations, conference proceedings, and trial registries are all considered grey for this purpose. If searching a source that contains both grey and non-grey, must specify that they were searching for grey/unpublished lit.;5. Was a list of studies (included and excluded) provided? A list of included and excluded studies should be provided. Note: Acceptable if the excluded studies are referenced. If there is an electronic link to the list but the link is dead, select �no.�;6. Were the characteristics of the included studies provided? In an aggregated form such as a table, data from the original studies should be provided on the participants, interventions and outcomes. The ranges of characteristics in all the studies analyzed e.g., age, race, sex, relevant socioeconomic data, disease status, duration, severity, or other diseases should be reported. Note: Acceptable if not in table format as long as they are described as above.;"7. Was the scientific quality of the included studies assessed and documented? 'A priori' methods of assessment should be provided (e.g., for effectiveness studies if the author(s) chose to include only randomized, double-blind, placebo controlled studies, or allocation concealment as inclusion criteria); for other types of studies alternative items will be relevant. Note: Can include use of a quality scoring tool or checklist, e.g., Jadad scale, risk of bias, sensitivity analysis, etc., or a description of quality items, with some kind of result for EACH study (�low� or �high� is fine, as long as it is clear which studies scored �low� and which scored �high�; a summary score/range for all studies is not acceptable).";8. Was the scientific quality of the included studies used appropriately in formulating conclusions? The results of the methodological rigor and scientific quality should be considered in the analysis and the conclusions of the review, and explicitly stated in formulating recommendations. Note: Might say something such as �the results should be interpreted with caution due to poor quality of included studies.� Cannot score �yes� for this question if scored �no� for question 7.;9. Were the methods used to combine the findings of studies appropriate? For the pooled results, a test should be done to ensure the studies were combinable, to assess their homogeneity (i.e., Chi-squared test for homogeneity, I2 ). If heterogeneity exists a random effects model should be used and/or the clinical appropriateness of combining should be taken into consideration (i.e., is it sensible to combine?). Note: Indicate �yes� if they mention or describe heterogeneity, i.e., if they explain that they cannot pool because of heterogeneity/variability between interventions.;10. Was the likelihood of publication bias assessed? An assessment of publication bias should include a combination of graphical aids (e.g., funnel plot, other available tests) and/or statistical tests (e.g., Egger regression test, Hedges-Olken). Note: If no test values or funnel plot included, score �no�. Score �yes� if mentions that publication bias could not be assessed because there were fewer than 10 included studies.;11. Was the conflict of interest included (for each study included)? Potential sources of support should be clearly acknowledged in both the systematic review and the included studies. Note: To get a �yes,� must indicate source of funding or support for the systematic review AND for each of the included studies.;PRISMA;1. Identify the report as a systematic review, meta-analysis, or both.;"2. Provide a structured summary including, as applicable: background; objectives; data sources; study eligibility criteria, participants, and interventions; study appraisal and synthesis methods; results; limitations; conclusions and implications of key findings; systematic review registration number.";3. Describe the rationale for the review in the context of what is already known.;4. Provide an explicit statement of questions being addressed with reference to participants, interventions, comparisons, outcomes, and study design (PICOS).;5. Indicate if a review protocol exists, if and where it can be accessed (e.g., Web address), and, if available, provide registration information including registration number.;6. Specify study characteristics (e.g., PICOS, length of follow-up) and report characteristics (e.g., years considered, language, publication status) used as criteria for eligibility, giving rationale.;7. Describe all information sources (e.g., databases with dates of coverage, contact with study authors to identify additional studies) in the search and date last searched.;8. Present full electronic search strategy for at least one database, including any limits used, such that it could be repeated.;9. State the process for selecting studies (i.e., screening, eligibility, included in systematic review, and, if applicable, included in the meta-analysis).;10. Describe method of data extraction from reports (e.g., piloted forms, independently, in duplicate) and any processes for obtaining and confirming data from investigators.;11. List and define all variables for which data were sought (e.g., PICOS, funding sources) and any assumptions and simplifications made.;12. Describe methods used for assessing risk of bias of individual studies (including specification of whether this was done at the study or outcome level), and how this information is to be used in any data synthesis.;13. State the principal summary measures (e.g., risk ratio, difference in means).;14. (I2)Describe the methods of handling data and combining results of studies, if done, including measures of consistency (e.g., I2) for each meta-analysis.;15. Specify any assessment of risk of bias that may affect the cumulative evidence (e.g., publication bias, selective reporting within studies).;16. Describe methods of additional analyses (e.g., sensitivity or subgroup analyses, meta-regression), if done, indicating which were pre-specified.;17. (Flow diagram) Give numbers of studies screened, assessed for eligibility, and included in the review, with reasons for exclusions at each stage, ideally with a flow diagram.;18. For each study, present characteristics for which data were extracted (e.g., study size, PICOS, follow-up period) and provide the citations.;19. Present data on risk of bias of each study and, if available, any outcome level assessment (see item 12).;20. (Forest plot) For all outcomes considered (benefits or harms), present, for each study: (a) simple summary data for each intervention group (b) effect estimates and confidence intervals, ideally with a forest plot.;21. Present results of each meta-analysis done (with I2), including confidence intervals and measures of consistency.;22. Present results of any assessment of risk of bias across studies (see Item 15).;23. Give results of additional analyses, if done (e.g., sensitivity or subgroup analyses, meta-regression [see Item 16]).;"24. Summarize the main findings including the strength of evidence for each main outcome; consider their relevance to key groups (e.g., healthcare providers, users, and policy makers).";25. Discuss limitations at study and outcome level (e.g., risk of bias), and at review-level (e.g., incomplete retrieval of identified research, reporting bias).;26. Provide a general interpretation of the results in the context of other evidence, and implications for future research.;"27. Describe sources of funding for the systematic review and other support (e.g., supply of data); role of funders for the systematic review."
61;Aikenhead;;2011;3;International association for study of obesity, London;UK;SvS;37;Yes, WHO;MS;Clinical obesity;No;;;;SR;;0;0;1;1;0;1;0;0;NA;NA;0;;1;0;1;1;0;1;1;1;1;0;1;0;0;NA;0;NA;1;1;0;0;NA;0;NA;1;1;1;1
62;Al-Hozaim;;2010;4;PS;Saudi Arabia;SvS;17;NR;PS;JPS;No;;;NR;SR;;0;0;1;0;0;1;0;0;NA;0;0;;1;0;1;0;0;1;0;0;1;1;1;0;0;NA;0;NA;0;1;0;0;NA;0;NA;0;1;1;0
63;Allen;;2015;9;PS;USA;-;7;NR;PS;JPS;No;;;;SR;;0;0;0;0;0;1;0;0;0;0;0;;1;0;1;1;0;1;1;1;0;0;1;0;0;1;0;NA;0;1;0;NA;NA;0;NA;1;1;1;0
64;Allin;;2014;5;PS;UK;SvS;8;Yes, NIH;PS?;PLOS ONE;No;;;;MA;;1;1;1;1;0;1;1;1;1;0;0;;1;0;1;1;1;1;1;1;1;1;1;1;1;1;0;0;1;1;0;1;1;0;1;1;1;1;1
65;Alzahem;;2011;1;Faculty of Medicine;Saudi Arabia;SvS;10;NR;PS;PS Int;No;;;;MA;;0;1;0;0;0;1;1;1;1;0;0;;1;0;1;1;0;1;1;1;1;1;1;0;1;1;0;0;1;1;0;1;1;0;0;1;1;1;0
66;Apelt;;2013;3;PS;Germany+UK;-;10;NR;PS;JPS;No;;;;SR;;0;1;0;0;0;1;1;1;NA;0;0;;1;0;1;1;0;1;1;0;1;0;1;0;NA;NA;0;NA;1;1;0;NA;NA;0;NA;1;1;1;0
67;Aworanti;;2014;2;PS;Ireland;-;23;NR;PS;EJPS;No;;;;SR;;0;0;0;0;0;1;0;0;NA;0;0;;1;0;1;0;0;1;0;0;1;0;1;0;NA;NA;0;NA;0;1;0;0;NA;0;NA;0;1;0;0
69;Berger;;2012;3;PS;Spain,Germany;-;11;Yes, DAAD;PS;EJPS;No;;;;SR;;0;0;0;0;0;1;1;0;NA;0;0;;1;0;1;0;0;1;0;1;1;0;0;0;NA;NA;0;NA;0;1;0;NA;NA;0;NA;0;0;1;1
70;Billingham;;2010;2;PS;UK;SvS;24;NR;PS;EJPS;No;;;;MA;;0;1;1;0;0;1;1;1;1;0;0;;1;0;1;1;0;1;0;0;1;0;1;0;0;0;0;0;0;1;0;1;1;0;0;1;1;1;0
71;Black;;2013;4;MRC Epidemiology Unit;UK;SvS;23;No;?;Obesity Reviews;No;;;;MA;;0;1;0;0;0;1;0;0;1;1;0;;1;0;1;1;0;1;0;1;1;1;1;1;0;1;1;1;1;1;1;1;1;1;1;1;1;1;1
72;Borruto;;2010;8;PS;Italy;SvS;37;NR;PS;JPS;No;;;;MA;;0;0;0;0;0;0;0;0;1;0;0;;1;0;1;1;0;1;0;0;1;0;1;0;1;0;0;0;0;0;0;1;0;0;NA;1;0;1;0
73;Castagnetti;;2010;2;PS;Italy, France;-;69;NR;SS;JU;No;;;;SR;;0;0;0;0;0;0;1;1;NA;0;0;;1;0;1;0;0;0;0;1;1;0;1;0;NA;NA;NA;NA;0;0;0;NA;NA;NA;NA;1;1;1;0
75;Chan;;2014;3;PS;Canada;-;32;NR;PS;PSI;No;;;;SR;;0;1;1;1;0;1;1;1;NA;0;0;;1;1;1;1;0;1;0;1;1;1;1;0;NA;NA;NA;NA;1;1;0;NA;NA;0;NA;1;1;1;0
76;Chan2;;2014;3;Children's Hospital of Eastern Ontario;Canada;SvS;10;NR;PS;JPS;No;;;;MA;;0;0;0;0;0;1;1;1;1;1;0;;1;0;1;1;0;1;0;0;1;0;1;1;1;1;1;0;1;1;1;1;1;1;0;1;1;1;0
77;Chang;;2015;4;NR;Taiwan;SvS;10;Yes, Tai pei Tzu Chi Hospital, Buddhist Tzu Chi Medical Foundation;SS;WJU;No;;;;MA;;0;1;0;0;0;1;1;1;1;1;1;;1;0;1;1;0;1;0;0;1;1;1;1;1;1;1;NA;1;1;0;1;1;1;NA;1;1;1;1
78;Chen;;2013;7;PS;Singapore;SvS;12;NR;PS;JPS;No;;;;MA;;0;0;0;0;0;1;0;0;1;0;0;;1;0;1;1;0;1;0;0;1;1;1;0;1;1;0;NA;1;1;0;1;1;0;0;1;1;1;0
79;Corbett;;2015;2;PS;UK;-;15;No;PS;JPS;No;;;;SR;;0;1;0;0;0;1;0;0;NA;0;0;;1;1;1;1;0;1;1;0;1;1;0;0;NA;NA;0;NA;1;1;0;NA;NA;0;NA;0;1;1;1
83;Cundy;;2014;8;The Hamlyn Centre, Institute of Global helath innovation;UK;-;23;NR;PS;JPS;No;;;Yes;SR;;1;1;1;1;0;1;1;1;NA;0;0;;1;0;1;1;1;1;0;1;1;0;1;0;NA;NA;0;NA;1;1;0;NA;NA;0;NA;1;0;1;0
82;Cundy1;;2014;5;The Hamlyn Centre, Institute of Global helath innovation, Department of Surgery and Cancer;UK;SvS;6;NR;PS;JPS;No;;;Yes;MA;;1;1;1;1;0;1;1;1;1;1;0;;1;0;1;1;1;1;0;1;1;1;1;1;1;1;1;NA;1;1;1;1;1;1;NA;1;1;1;0
81;Cundy2;;2014;8;The Hamlyn Centre, Institute of Global helath innovation, Department of Surgery and Cancer;UK;SvS;12;NR;SS;BJUI;No;;;Yes;MA;;1;1;1;1;0;1;1;1;1;1;0;;1;0;1;1;1;1;0;1;1;1;1;1;1;1;1;1;1;1;1;1;1;1;1;1;1;1;0
157;Dalen;;2015;7;;Netherlands, Malawi;SvS;0;NR;Cochrane;Cochrane;Yes;;;Yes, Cochrane;SR;;1;1;1;1;0;NA;NA;NA;NA;NA;0;;1;1;1;1;1;1;1;1;1;1;1;NA;NA;NA;NA;NA;1;NA;NA;NA;NA;NA;NA;1;0;1;0
84;Ding;;2013;8;GI surgery;China;SvS;17;Science and technology fund;PS;JPS;No;;;;MA;;0;0;0;0;0;1;1;1;1;1;0;;1;0;1;1;0;1;0;1;1;1;1;1;1;1;1;1;1;1;1;1;1;1;1;1;1;1;1
86;Dingeman1;;2013;2;PS;Germany;SvS;20;NR;PS;EJPS;no;;;;SR;;0;0;0;0;0;1;1;1;NA;0;0;;1;0;1;1;0;0;0;0;1;0;0;0;NA;NA;0;NA;0;1;0;NA;NA;0;NA;1;0;1;0
85;Dingeman2;;2014;3;PS;Germany;SvS;21;NR;PS;EJPS;no;;;;SR;;0;0;0;0;0;1;1;1;NA;0;0;;1;0;1;1;0;0;1;0;1;0;0;0;NA;NA;0;NA;0;1;0;NA;NA;0;NA;1;0;1;0
87;Ells;;2015;9;Helath and Social Care Institute;UK,Netherlands,Australia,Germany;SvM;1;Yes, from the gastric banding manufacturer;Cochrane;Cochrane;Yes;;;Yes, Cochrane;SR;;1;1;1;1;0;1;1;1;1;1;1;;1;1;1;1;1;1;1;1;1;1;1;1;NA;NA;1;NA;1;1;1;NA;NA;1;NA;1;1;1;1
88;Elyas;;2009;12;Paediatric Urology;Canada;SvS;61;NR;SS;Journal of Urology;no;;;;MA;;0;1;1;1;0;1;1;1;1;1;0;;1;0;1;1;0;1;0;1;1;1;1;1;1;1;1;NA;1;1;1;1;1;1;0;1;1;1;0
89;Esposito;;2014;6;Department of Translational Medical Sciences;Italy,USA;SvS;53;NR;SS;Journal of Laparoendoscopic & advanced surgical techniques;No;;;;SR;;0;0;0;0;0;1;0;0;NA;0;0;;1;0;1;1;0;0;0;0;1;0;1;0;NA;NA;0;NA;0;1;0;NA;NA;0;NA;0;0;1;1
91;Feng1;;2015;4;PS;China;SvS;5;NR;SS;Surg Laparosc Endosc Percutan Tech;no;;;;MA;;0;1;0;0;0;1;1;1;1;0;0;;1;0;1;1;0;1;0;0;1;1;1;0;0;1;0;0;1;1;0;1;1;0;1;1;0;1;0
90;Feng2;;2015;10;PS;China;SvS;10;NR;PS;PSI;no;;;;MA;;0;1;0;0;0;1;0;0;1;0;0;;1;0;1;1;0;1;0;0;1;1;1;0;1;1;0;0;1;1;0;1;1;0;0;1;1;1;0
93;Friedmacher1;;2012;2;National Children's Research Centre;Ireland;-;44;NR;PS;PSI;no;;;;MA;;0;0;0;0;0;1;0;0;1;0;0;;1;0;1;1;0;1;1;0;1;0;1;0;1;1;0;0;1;1;0;1;0;0;0;0;0;1;0
92;Friedmacher2;;2011;2;National Children's Research Centre;Ireland;-;29;NR;PS;PSI;no;;;;MA;;0;0;1;0;0;1;0;0;0;0;0;;1;0;1;1;0;1;0;0;1;0;1;0;0;0;0;0;0;1;0;0;0;0;0;0;0;1;0
94;Frongia;;2013;6;PS;Germany;SvS;39;NR;PS;JPS;no;;;;SR;;0;0;0;0;0;1;0;0;NA;0;0;;1;0;1;1;0;1;0;0;1;1;1;0;NA;NA;0;NA;1;1;0;NA;NA;0;NA;1;1;1;0
95;Gallo;;2012;5;;Netherlands;SvS;15;NR;PS;EJPS;no;;;;MA;;0;0;0;0;0;1;0;0;1;0;0;;1;0;1;1;0;1;0;0;1;0;1;0;1;1;0;0;1;1;0;1;1;0;0;1;0;1;0
96;Goseman;;2013;4;PS;Germany, Ireland;SvS;18;NR;PS;EJPS;no;;;;MA;;0;0;0;0;0;1;0;0;1;0;0;;1;0;1;1;0;1;0;0;1;0;1;0;1;1;0;0;1;1;0;1;1;0;0;1;1;1;0
97;Graziano;;2015;10;PS;USA;-;2545;NR;PS;JPS;no;;;;SR;;0;0;0;0;0;0;0;0;NA;0;0;;1;0;1;1;0;0;0;1;1;0;0;0;NA;NA;0;NA;0;0;0;NA;NA;0;NA;1;0;1;0
98;Guo;;2011;9;Urology;China;SvS;7;Yes, multiple;PSI;PSI;no;;;;MA;;0;1;0;0;0;1;1;1;1;1;0;;1;0;1;1;0;1;1;0;1;1;0;1;1;1;1;1;1;1;1;1;1;1;1;1;0;1;1
99;Hall;;2011;5;PS;UK;-;3;NR;PS;JPS;no;;;;SR;;0;0;0;0;0;1;0;0;NA;0;0;;1;0;1;1;0;0;0;0;1;0;1;0;NA;NA;0;NA;0;0;0;NA;NA;0;NA;1;0;1;0
100;Healy;;2015;9;GS;Ireland;SvM;9;NR;GM;Medicine;no;;;;MA;;0;1;1;0;0;1;1;1;1;1;0;;1;0;1;1;0;1;1;1;1;1;1;1;1;1;1;1;1;1;1;1;1;1;1;1;1;1;0
102;Heloury;Exclude?;2012;6;PS;Australia, France;-;NR;NR;PS;JPS;no;;;;SR;;0;0;0;0;0;0;0;0;NA;0;0;;0;0;1;1;0;0;0;0;0;0;0;0;0;0;0;0;0;0;0;0;0;0;0;0;0;1;0
103;Huang1;;2015;5;PS;China;SvS;16;NR;GM;Int J Clin Exp Med;no;;;;MA;;0;0;0;0;0;1;0;0;1;1;0;;1;0;1;0;0;1;1;1;1;1;1;1;1;1;1;1;1;1;1;1;1;1;0;1;1;1;0
105;Ishii1;;2014;3;Urology;UK;-;14;NR;SS;BJUI;no;;;;SR;;0;0;0;0;0;1;0;0;NA;0;0;;1;0;1;1;0;1;1;1;1;1;1;0;NA;NA;0;NA;1;1;0;NA;NA;0;NA;1;1;1;0
104;Ishii2;;2014;3;Urology;UK;-;6;No;SS;JPU;no;;;;SR;;0;0;0;0;0;1;0;0;NA;0;0;;1;0;1;1;0;1;1;0;1;0;1;0;NA;NA;0;NA;1;1;0;NA;NA;0;NA;1;1;1;1
106;Ito;;2014;1;PS;Japan;-;19;No;P;Paediatrics international;no;;;;MA;;0;0;0;0;0;1;1;1;1;1;0;;1;0;1;1;0;1;0;1;1;0;1;0;1;1;0;0;1;1;0;1;1;0;0;1;0;1;1
107;Jia;;2011;8;Evidence Based Medicine Center, School of Basic Medical Sciences;China;SvS;3;No;PS;EJPS;no;;;;MA;;0;0;1;1;0;1;1;1;1;1;0;;1;0;1;1;0;0;0;0;1;1;1;1;1;1;0;0;1;1;1;1;1;0;0;1;1;1;1
109;Kunz;;2013;5;PS;USA;SvS;20;Seattle Children's Research Institute and NIH grant;PS;JPS;no;;;;MA;;0;1;0;0;0;1;1;0;1;1;0;;1;0;1;1;0;1;0;0;1;1;1;0;1;1;0;1;1;1;1;1;1;0;1;1;1;1;1
110;Landisch;;2015;6;S;USA;-;11;NR;PS;JPS;no;;;;SR;;0;1;0;0;0;1;0;0;NA;0;0;;1;0;1;1;0;1;1;0;1;1;1;0;NA;NA;0;NA;1;1;0;NA;NA;0;NA;1;1;1;0
111;Lane;;2010;3;St James University Hospital;UK;-;NR;NR;PS;PSI;no;;;;SR;;0;0;0;0;0;0;0;0;NA;0;0;;1;0;1;1;0;0;0;0;0;0;0;0;NA;NA;0;NA;0;0;0;NA;NA;0;NA;0;0;1;0
112;Lansdale;;2010;4;Children's hospital;UK;-;3;Award from UK medical research council and Welcome Trust Clinical Research Training Fellowship and RCS Eng;;Ann Surg;no;;;;MA;;0;1;1;1;0;1;0;0;1;1;0;;1;0;1;1;0;1;1;0;1;1;1;1;1;1;0;0;1;0;1;1;1;0;0;1;1;1;1
113;Lee;;2010;5;PS;USA;-;126;NR;PS;JPS;no;;;;SR;;0;0;0;0;0;0;1;1;NA;0;0;;1;0;1;1;0;0;0;0;1;0;0;0;NA;NA;0;NA;0;0;0;NA;NA;0;NA;1;0;1;0
115;Liang;;2010;8;PS;China;SvS;6;Yes, multiple ;PS;EJPS;no;;;;MA;;0;1;0;0;0;1;1;1;1;1;0;;1;0;1;1;0;1;1;0;1;1;1;1;1;1;1;NA;1;0;1;1;1;1;0;1;0;1;1
116;Lishuang;;2015;7;PS;China;SvS;11;NR;PS;PSI;no;;;;MA;;1;0;0;0;0;1;1;1;1;1;0;;1;0;1;1;1;1;0;0;1;1;1;1;1;1;0;1;1;1;1;1;1;0;1;1;1;1;0
117;Livingston;;2015;5;PS;Canada;SvS;3;Yes, Ontario Ministry of Health;PS;JPS;no;;;;MA;;1;1;1;1;0;1;1;1;1;1;0;;1;1;1;1;1;1;1;0;1;1;1;1;1;1;0;0;1;1;1;1;1;0;0;1;0;1;1
118;Mauritz;;2013;6;PS;Netherlands;SvS;8;NR;SS;J Gastronintest Surg;no;;;;MA;;0;1;0;0;0;1;1;1;1;1;0;;1;0;1;1;0;1;1;1;1;1;1;1;1;1;1;0;1;1;1;1;1;1;0;1;1;1;0
119;Mauritz2;;2011;8;PS;Netherlands;SvS;25;NR;SS;J Gastroint Surg;no;;;;SR;;0;1;0;0;0;1;1;1;NA;1;0;;1;0;1;1;0;1;1;1;1;1;1;1;NA;NA;1;NA;1;1;1;NA;NA;1;NA;1;0;1;0
68;McGill (should be Baker!!);;2015;3;McGill University of Montreal;Canada;SvS;22;NR;PS;JPS;no;;;;MA;;0;1;0;0;0;1;1;1;1;1;0;;1;0;1;1;0;1;1;1;1;1;1;1;1;1;1;0;1;1;1;1;1;1;0;1;1;1;0
120;Mei;;2011;6;PS;China;SvS;9;Yes;SS;J Endourology;No;;;NR;MA;;0;1;1;0;0;1;1;0;0;1;0;;1;0;1;1;0;1;1;0;1;1;1;0;1;1;1;NA;1;1;0;1;1;1;NA;1;0;1;1
121;Mullassery;;2014;3;PS;UK;SvS;15;NR;PM;Ped Hem & Onc;No;;;NR;MA;;1;1;1;0;1;1;0;0;1;1;0;;1;0;1;1;0;1;1;1;1;1;1;1;1;1;1;NA;1;1;0;1;1;1;NA;1;1;1;0
122;Nagler;;2011;4;Iternal Medicine;Belgium, Australia;SvNone;20;NR;Cochrane;Cochrane;Yes;;;Yes, Cochrane;MA;;1;1;1;1;1;1;1;1;1;1;0;;1;1;1;1;0;1;1;1;1;1;1;1;1;1;1;1;1;1;1;1;1;1;1;1;1;1;0
123;Narayanan;;2013;4;PS;Australia, Singapore;SvS;6;NR;PS;JPS;no;;;;MA;;0;1;1;0;0;1;0;0;1;0;0;;1;0;1;1;0;1;1;0;1;1;1;0;1;1;0;0;1;1;0;1;1;0;0;1;1;1;0
125;Nasr;;2013;2;PS;Canada;SvOther;50;NR;PS;EJPS;no;;;;MA;;0;1;1;0;0;1;1;1;1;0;0;;1;0;1;1;0;1;1;0;1;1;1;0;0;1;0;0;0;0;0;0;0;0;0;1;1;1;0
124;Nasr2;;2010;3;PS;Canada;SvS;9;NR;PS;JPS;no;;;;MA;;0;1;0;0;0;1;1;1;1;1;0;;1;0;1;1;0;1;0;0;1;1;1;1;1;1;1;0;0;1;0;1;1;0;0;1;0;1;0
126;Nataraja;;2013;5;PS;UK;-;66;NR;SS;Jurnal of Laparoendoscopic and advanced surgical technique;no;;;no;MA;;0;1;0;0;0;1;0;0;1;1;0;;1;0;1;1;0;1;1;1;1;1;1;0;1;1;1;0;1;1;0;1;1;1;1;1;0;1;0
127;Nicolau;;2011;1;S;Romania;-;66;NR;S;Chirurgia;no;;;;SR;;0;0;0;0;0;0;1;1;NA;0;0;;1;0;1;1;0;1;0;0;1;0;1;0;NA;NA;0;NA;0;0;0;NA;NA;0;NA;1;0;1;0
129;Oomen;;2012;5;PS;Netherlands;SvS;4;NR;SS;Surg Endosc;no;;;;MA;;0;1;0;0;0;1;1;1;1;0;0;;1;0;1;1;0;1;0;0;1;1;1;0;1;1;0;0;1;1;0;1;1;0;0;1;0;1;0
131;Parolini;;2014;6;PS;Italy;-;17;No;PS;JPS;no;;;;SR;;0;1;0;0;0;1;1;1;NA;0;0;;1;0;1;1;0;1;0;0;1;1;1;0;NA;NA;0;NA;1;1;0;NA;NA;0;NA;1;1;1;1
132;Peters;;2013;5;PS;UK;-;10;NR;PS;JPS;no;;;;SR;;0;0;1;1;0;1;0;0;NA;0;0;;1;0;1;1;0;0;0;0;1;0;0;0;NA;NA;0;NA;0;0;0;NA;NA;0;NA;1;0;1;0
133;Peycelon;;2014;3;PS;France;-;NR;NR;PS;JPS;no;;;;SR;;0;0;0;0;0;0;0;0;NA;0;0;;1;0;1;0;0;0;0;0;1;0;0;0;NA;NA;0;NA;0;0;0;NA;NA;0;NA;0;0;1;0
134;Pfitsermuller;;2015;3;Urology;UK;-;49;NR;PS;JPS;no;;;;MA;;0;0;0;0;0;0;0;0;1;0;0;;1;1;1;1;0;1;0;0;1;0;1;0;NA;NA;0;1;0;0;0;0;0;0;1;1;1;1;0
135;Puligandila;;2015;15;Montreal Children's Hospital;USA;-;98;NR;PS;JPS;no;;;;SR;;0;1;0;0;0;0;1;1;NA;1;0;;1;0;1;1;0;0;0;0;1;1;1;1;NA;NA;0;NA;1;1;1;NA;NA;0;NA;1;0;1;0
136;Reddy;;2010;2;;India;-;27;NR;SS;Indian journal of urology;no;;;;SR;;0;0;0;0;0;0;0;0;NA;0;0;;1;0;1;1;0;1;0;0;1;0;1;0;NA;NA;0;NA;0;0;0;NA;NA;0;NA;1;0;1;0
137;Romano;;2012;4;General and thoracic surgery;Canada;SvS;3;NR;PS;JPS;no;;;;MA;;0;0;1;1;0;0;1;1;1;1;0;;1;0;1;1;0;0;0;0;1;1;0;1;1;1;0;0;0;1;0;1;1;0;0;1;0;1;0
138;Ross;;2015;6;PS;UK,Canada;SvS;18;NR;PS;PSI;no;;;;MA;;1;0;0;0;0;1;1;1;1;0;0;;1;0;1;1;1;1;0;0;1;0;1;0;1;1;0;1;1;1;0;1;1;0;1;1;1;1;0
139;Ruttenstock;;2010;2;National Children's Research Centre, Our Lady's Children Hospital;Ireland;-;27;NR;PS;PSI;no;;;;MA;;0;1;0;1;0;1;0;0;1;0;0;;1;0;1;1;0;1;0;0;0;0;1;0;0;0;0;0;0;0;0;0;0;0;0;0;1;1;0
140;Rynja;;2011;4;University Medical Center Utrecht;Netherlands;-;20;NR;PS;JPS;no;;;;SR;;0;0;0;0;0;0;0;0;NA;0;0;;1;0;1;1;0;1;0;1;1;0;0;0;NA;NA;0;NA;1;1;0;NA;NA;0;NA;1;0;1;0
141;Saldana;;2013;3;PS;Peru;-;78;NR;SS;Journal of laparoendoscopic and advanced surgical technique;no;;;;SR;;0;0;0;0;0;1;1;1;NA;0;0;;1;0;1;1;0;1;1;1;1;0;1;0;NA;NA;0;NA;1;0;0;NA;0;0;0;1;1;1;0
142;Sauerland;;2010;3;Department of Non-Drug Interventions, Institute for Quality and Efficiency in Health Care;Germany;SvS;67;NR;Cochrane;Cochrane;Yes;;;Yes, Cochrane;MA;;1;1;1;1;1;1;1;1;1;1;0;;1;1;1;1;1;1;1;1;1;1;1;1;1;1;1;1;1;1;1;1;1;1;1;1;0;1;0
146;Shawyer;;2015;4;PS;Canada;SvS;7;NR;PS;PSI;no;;;;MA;;0;1;1;1;0;1;1;1;1;1;0;;1;0;1;1;0;1;1;0;1;1;1;1;1;1;0;0;1;1;1;1;1;0;0;1;1;1;0
145;Shawyer2;;2014;4;PS;Canada;-;25;NR;PS;PSI;no;;;;SR;;0;1;0;0;0;1;1;1;NA;1;0;;1;0;1;1;0;1;0;0;1;1;1;1;NA;NA;1;0;1;1;1;NA;NA;0;NA;1;1;1;0
147;Shen;;2015;8;SS;China;SvS;7;NR;PS;PSI;no;;;;MA;;0;0;0;0;0;1;1;1;1;0;0;;1;0;1;1;0;1;0;0;1;1;1;0;1;1;0;0;0;1;0;1;1;0;0;1;1;1;0
148;Siddiqui;;2011;5;GS;UK;-;6;NR;PS;PSI;no;;;;MA;;0;1;0;0;1;1;1;1;1;0;0;;1;0;1;1;0;1;0;0;1;1;1;1;1;1;0;1;1;1;1;1;1;0;1;1;1;1;0
149;Siminas;;2015;2;PS;UK;-;45;NR;S;Ann Surg;no;;;;SR;;0;0;1;0;0;1;1;1;NA;0;0;;1;1;1;1;0;1;0;1;1;0;1;1;NA;NA;0;NA;1;1;1;NA;NA;0;NA;1;1;1;0
151;Sola;;2010;3;S;USA;SvS;5;NR;S;Journal of Surgical Research;no;;;;MA;;0;0;1;1;1;1;1;1;1;1;0;;1;0;1;1;0;1;0;0;1;1;1;1;1;1;1;0;1;1;1;1;1;1;0;1;1;1;0
154;Terui;;2015;19;PS;Japan;SvS;8;NR;PS;PSI;no;;;;MA;;0;0;0;0;0;1;1;1;1;1;0;;1;1;1;1;0;1;1;0;1;1;1;1;1;1;1;0;1;1;1;1;1;1;0;1;0;1;0
155;Thomson;;2014;6;PS;UK;SvS;5;Yes, National Institute for Health research;GM;BMJ;no;;;Yes, PROSPERO;MA;;1;1;0;0;0;1;1;1;1;1;0;;1;1;1;1;1;1;0;1;1;1;1;1;1;1;0;0;1;1;1;1;1;0;0;1;1;1;1
156;Thyoka;;2013;4;PS;UK;-;5;;Radiology;Paediatr Radiol;no;;;;SR;;0;0;0;0;0;1;0;0;NA;0;0;;1;0;1;1;0;1;0;0;1;1;1;0;NA;NA;0;NA;1;1;0;NA;NA;0;NA;1;1;1;0
160;Vermon-Roberts;;2013;2;P;UK;SvM;0;Yes, Cerebra (charity);Cochrane;Cochrane;Yes;;;Yes, Cochrane;MA;;1;1;1;1;1;1;NA;NA;NA;NA;0;;1;1;1;1;1;1;1;1;1;1;1;NA;NA;NA;NA;NA;1;NA;NA;NA;NA;NA;NA;1;1;1;1
159;Von Den Hondel;;2014;4;PS;Netherlands;SvS;8;NR;PS;EJPS;no;;;;SR;;0;1;0;0;0;1;0;0;NA;0;0;;1;0;1;1;0;1;1;0;1;1;1;0;NA;NA;0;NA;1;1;0;NA;NA;0;NA;1;0;1;0
161;Wang;;2013;3;Children's hospital;China;SvS;12;NR;PS;PSI;no;;;;MA;;1;1;0;0;0;1;1;1;1;1;0;;1;0;1;1;0;1;1;1;1;1;1;0;1;1;1;1;1;1;0;1;1;1;1;1;1;1;0
162;Wayne;;2015;3;PS;Canad;SvS;31;NR;PS;PSI;no;;;;SR;;0;1;0;0;0;1;1;1;NA;1;0;;1;0;1;1;0;1;0;0;1;1;1;1;NA;NA;0;NA;1;1;1;NA;NA;0;NA;1;1;1;0
163;Weih;;2012;7;PS;Germany;-;81;NR;S;Langenbecks Arch Surg;no;;;;SR;;0;0;0;0;0;0;0;0;NA;0;0;;1;0;1;1;0;0;0;0;1;0;0;0;NA;NA;0;NA;0;0;0;NA;NA;0;NA;1;0;1;0
164;Wenk;;2015;6;ED;Switzerland;-;6;NR;PS;JPS;no;;;;MA;;0;0;0;0;1;1;0;0;1;1;0;;1;0;1;1;0;1;0;1;1;1;1;0;1;1;1;0;1;1;0;1;1;1;0;1;0;1;0
165;Wilkinson;;2012;3;PS;UK;SvS;23;No;SS;JPU;no;;;;SR;;0;0;0;0;0;1;0;0;NA;0;0;;1;0;0;1;0;1;0;1;1;0;1;0;NA;NA;0;NA;1;1;0;NA;NA;0;NA;1;1;1;1
166;Wright;;2013;5;Urology;Canada;-;11;NR;SS;JPU;no;;;;MA;;0;1;1;1;1;1;1;1;1;1;0;;1;0;1;1;0;1;0;0;1;1;1;0;1;1;1;0;1;1;0;1;1;1;0;1;1;1;0
168;Yang;;2013;6;Sichuan Academy of Medical Sciences and Sichuan Provincial People's Hospital;China;-;26;NR;PSI;PSI;no;;;;SR;;0;1;0;0;0;1;0;0;NA;0;0;;1;0;1;1;0;1;1;0;1;1;1;0;NA;NA;0;NA;1;1;0;NA;NA;0;NA;1;1;1;0
167;Yang2;;2011;6;PS;China;SvS;7;Yes, Government and charity;PS;JPS;no;;;;MA;;0;1;0;0;0;1;1;1;1;1;0;;1;0;1;1;0;1;1;0;1;1;1;0;1;1;0;0;1;1;0;1;1;0;0;1;1;1;0
170;Zani;;2015;6;PS;UK,Italy;SvS;8;NR;PS;Minerva Pediatrica;no;;;;SR;;0;0;0;0;0;0;0;0;NA;0;0;;1;0;1;1;0;0;0;0;0;0;0;0;NA;NA;0;NA;0;1;0;NA;NA;0;NA;0;0;1;0
171;Zhao;;2015;5;Pathology;China;SvS;12;NR;PS;PSI;no;;;;MA;;0;0;0;0;0;1;0;0;1;0;0;;1;0;1;1;0;1;0;0;1;1;1;0;1;1;0;0;1;1;0;1;1;0;0;1;1;1;0
158;Berg;;2015;5;Duke University School of Medicine;USA;SvS;66;Gran from The National Institute of Diabetes and Digestive and Kidney disease;SS;Urologic oncology;no;;;;SR;;1;1;1;1;0;1;0;0;NA;0;0;;1;0;1;0;1;1;0;1;1;1;0;0;NA;NA;0;NA;1;1;0;NA;NA;0;NA;1;1;1;1
74;Castagnetti;;2016;6;Paediatric Urology;Italy;SvS;20;No;P;Frontiers in Paediatrics;No;;;;MA;;0;1;1;0;0;1;1;1;1;1;0;;1;0;1;1;0;1;1;0;1;1;1;0;1;1;1;0;1;1;0;1;1;1;0;0;1;1;1
80;Cullis;;2015;3;PS;UK;SvM;19;No;S;Annals of Surgery;no;;;;SR;;1;1;1;0;0;1;1;1;NA;1;0;;1;0;1;1;0;1;1;1;1;1;1;1;NA;NA;1;NA;1;1;1;NA;NA;0;NA;1;1;1;1
101;Healy;;2015;5;S;USA;SvM;48;NR;PS;Paediatr Surg Int;No;;;;SR;;0;1;1;0;0;1;0;0;NA;0;0;;0;0;1;1;0;1;1;0;1;1;0;0;NA;NA;0;NA;1;1;0;NA;NA;0;NA;1;0;1;0
108;Kapralik;;2015;4;Children's Hospital of Eastern Ontario;Canada;SvM;9;NR;PS;JPS;No;;;;MA;;0;0;1;0;0;1;1;1;1;1;0;;1;0;1;1;0;1;1;1;1;1;1;1;1;1;1;0;1;1;0;1;1;0;0;1;1;1;0
114;Leevan;;2015;6;GS;USA/Israel;SvM;32;No;S;J Trauma Acute Care Surg;No;;;;SR;;0;0;0;0;0;1;0;0;NA;1;0;;1;1;1;1;0;1;0;1;1;0;1;1;NA;NA;1;NA;0;1;1;NA;NA;1;NA;1;1;1;1
128;Oliviera;;2016;10;University of Sao Paolo;Brazil/Italy;SvS;19;No;SS;JPU;No;;;;SR;;0;0;0;0;0;1;0;0;NA;0;0;;1;0;1;0;0;1;0;0;1;0;1;0;NA;NA;0;NA;0;1;0;NA;NA;0;NA;0;0;1;1
130;Parolini;;2016;5;PS;Italy;SvS;8;No;SS;JPS;no;;;;SR;;0;1;0;0;0;1;1;1;NA;0;0;;1;0;1;1;0;0;0;0;1;1;1;0;NA;NA;0;NA;1;1;0;NA;NA;0;NA;0;1;1;1
143;Scholfield;;2015;2;PS;UK;SvS;11;No;SS;Journal of Laparoendoscopic & advanced surgical Techniques;no;;;;MA;;0;1;0;0;0;1;0;0;1;1;0;;1;0;1;1;0;0;0;0;1;0;1;0;1;1;1;0;1;1;0;1;0;1;0;0;1;1;1
150;Sklar2;;2014;3;Children's hospital Eastern Ontario;Canada;SvS;5;No;SS;Journal of Laparoendoscopic & advanced surgical Techniques;no;;;;MA;;0;1;1;0;0;0;1;1;1;0;0;;1;0;1;1;0;0;0;0;1;1;1;1;1;1;0;0;1;0;1;0;1;0;0;0;1;1;1
152;Symeonidis;;2016;3;Department of Urology;Greece/USA;SvS;29;No;S;International Journal of Surgery;no;;;;SR;;1;0;1;0;0;1;1;1;NA;0;0;;1;0;1;1;1;1;0;1;1;0;1;0;NA;NA;0;NA;1;1;0;NA;NA;0;NA;0;0;1;1
153;Tan;;2016;7;PS;;SvM;24;No;P;Journal of Paediatrics;no;;;;MA;;1;1;1;0;1;1;1;1;1;1;0;;1;1;1;1;1;1;1;0;1;1;1;0;1;1;1;0;1;1;0;1;1;0;0;1;1;1;1
169;Youssef;;2016;5;PS;Canada;SvS;12;NR;PS;JPS;no;;;;MA;;1;1;1;1;0;1;1;1;1;1;0;;1;0;1;1;1;1;1;1;1;1;1;1;1;1;1;0;1;1;1;1;1;1;0;1;1;1;0
172;Zhu;;2016;6;Department of Thoracic surgery;China;SvS;9;no;S;Hernia;no;;;;MA;;0;0;1;0;0;1;0;0;1;1;0;;1;0;1;1;0;1;0;0;1;0;1;0;1;1;0;0;1;1;1;1;1;0;0;1;1;1;1
144;Sharp;;2015;2;PS;US;MvS;7;No;PS;EJPS;No;;;;SR;;0;0;0;0;0;1;0;0;NA;NA;0;;1;0;1;1;0;1;0;1;1;0;1;1;NA;NA;NA;NA;1;1;0;NA;NA;NA;NA;1;1;1;1
